﻿<?xml version="1.0" encoding="UTF-8" standalone="yes"?>
<addon id="plugin.video.portugal.media.center" name="Portugal Media Center" version="1.1" provider-name="frenchdj, Luís Otrebla">
  <requires>
    <import addon="xbmc.python" version="2.1.0"/>
    <import addon="script.module.addon.common" version="2.0.0"/>
    <import addon="plugin.video.youtube" />
  </requires>
	
  <extension point="xbmc.python.pluginsource" library="default.py">
    <provides>video</provides>
  </extension>
	
  <extension point="xbmc.addon.metadata">
    <summary lang="en">Portugal Media Center</summary>
    <description lang="en">Agora já podes seguir o PORTUGAL MEDIACENTER diretamente no KODI.
Para configurares o teu media center com os melhores add-ons, repositorios e builds, basta seguires os tutoriais .
SUBSCREVE O CANAL , OBRIGADO ..
Nota Importante: Aconselhado a ultima versao do youtube 5.20.0.6.</description>
    <platform>all</platform>
    <forum></forum>
    <website></website>
  </extension>
</addon>
