﻿<?xml version="1.0" encoding="UTF-8" standalone="yes"?>
<addon id="plugin.video.pt.docs.hd" name="PT DocS HD" version="0.1" provider-name="frenchdj">
  <requires>
    <import addon="xbmc.python" version="2.1.0"/>
    <import addon="script.module.addon.common" version="2.0.0"/>
    <import addon="plugin.video.youtube" />
  </requires>
	
  <extension point="xbmc.python.pluginsource" library="default.py">
    <provides>video</provides>
  </extension>
	
  <extension point="xbmc.addon.metadata">
    <summary lang="en">pt.docs.hd</summary>
    <description lang="en">Documentarios legendados ou dobrados em [PT] e [BR] com qualidade HD.
Playlists organizadas por categorias com assuntos historicos e da actualidade .
Toda a fonte  vem de utilizadores do Youtube.
Nota Importante: Aconselhado a ultima versao do youtube 5.20.0.6 e respetivo Login.</description>
    <platform>all</platform>
    <forum></forum>
    <website></website>
  </extension>
</addon>
