<?xml version="1.0" encoding="UTF-8" standalone="yes"?>
<addon id="plugin.video.alive.hd"
       name="Alive.HD"
       version="7.2"
       provider-name="frenchdj">
  <requires>
    <import addon="xbmc.python" version="2.1.0"/>
    <import addon="script.module.beautifulsoup" />
    <import addon="script.module.httplib2" />
    <import addon="plugin.video.youtube" />
    <import addon="script.module.simplejson" />    
  </requires>
  <extension point="xbmc.python.pluginsource" library="default.py">
    <provides>video</provides>
  </extension>
  <extension point="xbmc.addon.metadata">
    <summary lang="en">[ 2018 Edition ]</summary>
    <description>Concerts and Djs live performances in HD quality. 
Channels and Playlists organized by categories. Source Youtube Website. 
[B][COLOR lime]Advised the latest version of youtube 5.*.*[/B][/COLOR]</description>
    <platform>all</platform>
  </extension>
</addon>