<?xml version="1.0" encoding="UTF-8" standalone="yes"?>
<addon id="plugin.video.traquinas"
       name="Traquinas"
       version="2.2"
       provider-name="frenchdj">
  <requires>
    <import addon="xbmc.python" version="2.1.0"/>
    <import addon="script.module.beautifulsoup" version="3.2.1"/>
    <import addon="script.module.simple.downloader" version="0.9.4"/>
    <import addon="script.module.beautifulsoup4" />
    <import addon="script.module.requests" />
    <import addon="script.module.httplib2" />
    <import addon="script.module.youtube.dl" optional="true"/>
    <import addon="plugin.video.youtube" optional="true" />
    <import addon="script.module.urlresolver" optional="true"/>
    <import addon="script.module.simplejson" />    
     <import addon="script.module.livestreamer" optional="true"/>
  </requires>
  <extension point="xbmc.python.pluginsource" library="default.py">
    <provides>video</provides>
  </extension>
  <extension point="xbmc.addon.metadata">
    <summary>Traquinas Entertenimento</summary>
    <description>Desenhos animados e filmes infantis em [PT] e [BR].
Algumas categorias com legendas em [PT].

[B][COLOR lime]Para que haja um bom funcionamento deste addon, o URL RESOLVER tem de estar activo e atualizado no kodi.[/COLOR][/B]</description>
    <platform>all</platform>
  </extension>
</addon>
