<?xml version="1.0" encoding="UTF-8" standalone="yes"?>
<addon id="plugin.video.jami"
       name="Jami"
       version="5.4b"
       provider-name="frenchdj">
  <requires>
    <import addon="xbmc.python" version="2.1.0"/>
    <import addon="script.module.beautifulsoup" version="3.2.1"/>
    <import addon="script.module.simple.downloader" version="0.9.4"/>
    <import addon="script.module.beautifulsoup4" />
    <import addon="script.module.requests" />
    <import addon="script.module.httplib2" />
    <import addon="script.module.youtube.dl" optional="true"/>
    <import addon="plugin.video.youtube" optional="true" />
    <import addon="script.module.urlresolver" optional="true"/>
    <import addon="script.module.simplejson" />    
     <import addon="script.module.livestreamer" optional="true"/>
  </requires>
  <extension point="xbmc.python.pluginsource" library="default.py">
    <provides>video</provides>
  </extension>
  <extension point="xbmc.addon.metadata">
    <summary>Jami</summary>
    <description>Videos Infantis em [PT] e [BR]. 
Toda a fonte vem do Youtube com playlists dedicadas aos mais pequenos, recheadas de desenhos animados recentes, classicos e musicais.
Nota Importante: Aconselhado a ultima versao do youtube 5.2.*</description>
    <platform>all</platform>
  </extension>
</addon>
