﻿<?xml version="1.0" encoding="UTF-8" standalone="yes"?>
<addon id="plugin.video.jami" name="Jami" version="1.8.1" provider-name="frenchdj">
  <requires>
    <import addon="xbmc.python" version="2.1.0"/>
    <import addon="script.module.addon.common" version="2.0.0"/>
    <import addon="plugin.video.youtube" />
  </requires>
	
  <extension point="xbmc.python.pluginsource" library="default.py">
    <provides>video</provides>
  </extension>
	
  <extension point="xbmc.addon.metadata">
    <summary lang="en">jami</summary>
    <description lang="en">Canais Infantis em PT e BR. Toda a fonte vem do Youtube.
Playlists dedicadas aos mais pequenos com muita desenhos animados recentes, classicos e musicais.
Nota Importante: 
Aconselhado a ultima versao do youtube 5.20.0.6 e respetivo Login.</description>
    <platform>all</platform>
    <forum></forum>
    <website></website>
  </extension>
</addon>
