<?xml version="1.0" encoding="UTF-8" standalone="yes"?>
<addon id="plugin.video.alive.hd"
       name="Alive HD"
       version="2.0"
       provider-name="frenchdj">
  <requires>
    <import addon="xbmc.python" version="2.1.0"/>
    <import addon="script.module.beautifulsoup" version="3.2.1"/>
    <import addon="script.module.simple.downloader" version="0.9.4"/>
    <import addon="script.module.beautifulsoup4" />
    <import addon="script.module.requests" />
    <import addon="script.module.httplib2" />
    <import addon="script.module.youtube.dl" optional="true"/>
    <import addon="plugin.video.youtube" optional="true" />
    <import addon="script.module.urlresolver" optional="true"/>
    <import addon="script.module.simplejson" />    
     <import addon="script.module.livestreamer" optional="true"/>
  </requires>
  <extension point="xbmc.python.pluginsource" library="default.py">
    <provides>video</provides>
  </extension>
  <extension point="xbmc.addon.metadata">
    <summary>Jami</summary>
    <description>ENG] Concerts and Djs live performances with HD quality. Playlists organized by categories and any source comes from Youtube users. Advised the latest version of youtube 5.2.*
[PT] Concertos e performances de Djs ao vivo com qualidade HD. Playlists organizadas por categorias com diversas vertentes Musicais. Toda a fonte  vem de utilizadores do Youtube. Aconselhado a ultima versao do youtube 5.2.* </description>
    <platform>all</platform>
  </extension>
</addon>
